,rd,km,lat,lon
0,1,815,18.97689114,99.91170776
1,1,816,18.98373761,99.90608007
2,1,817,18.99215577,99.90322232
3,1,818,19.00010349,99.89927131
4,1,819,19.00632392,99.90142886
5,1,820,19.01257152,99.90808523
6,1,821,19.01774946,99.91549404
7,1,822,19.02390681,99.92167163
8,1,823,19.03145995,99.92669302
9,1,824,19.03967409,99.93056973
10,1,825,19.04691906,99.93543868
11,1,826,19.05494346,99.93236087
12,1,827,19.06354341,99.92928758
13,1,828,19.07235758,99.92741809
14,1,829,19.08043306,99.92375967
15,1,830,19.08740787,99.91791144
16,1,831,19.09454795,99.9124945
17,1,831,19.09454795,99.9124945
18,1,832,19.10334583,99.91006808
19,1,833,19.11165248,99.90641001
20,1,834,19.12033525,99.90713993
21,1,835,19.1289767,99.91005649
22,1,836,19.13807205,99.91084402
23,1,836,19.13807205,99.91084402
24,1,837,19.14713778,99.9119266
25,1,838,19.15606722,99.91372686
26,1,839,19.16440409,99.91194986
27,1,28,13.95289378,100.62193
28,1,29,13.96166455,100.6202929
29,1,29,13.96166455,100.6202929
30,1,30,13.97059098,100.6186761
31,1,30,13.97059098,100.6186761
32,1,31,13.97952919,100.6170661
33,1,31,13.97952919,100.6170661
34,1,32,13.98847839,100.6156089
35,1,32,13.98847839,100.6156089
36,1,32,13.98847839,100.6156089
37,1,33,13.99747858,100.6148275
38,1,33,13.99747858,100.6148275
39,1,34,14.00655495,100.6151247
40,1,34,14.00655495,100.6151247
41,1,35,14.01562708,100.6154248
42,1,36,14.02470432,100.6157336
43,1,37,14.03378091,100.6160674
44,1,38,14.04285195,100.6164793
45,1,39,14.05192622,100.6168436
46,1,39,14.05192622,100.6168436
47,1,493,16.67343886,99.26910344
48,1,494,16.68071534,99.26355488
49,1,495,16.68804927,99.2580338
50,1,496,16.69509401,99.25214159
51,1,497,16.70213595,99.2462486
52,1,498,16.70918946,99.240367
53,1,499,16.71622994,99.23446972
54,1,500,16.72321605,99.22850844
55,1,501,16.73016634,99.222505
56,1,502,16.73711808,99.21650367
57,1,503,16.74402797,99.21045386
58,1,504,16.75093136,99.20439668
59,1,505,16.75781773,99.198321
60,1,506,16.76467322,99.19221043
61,1,507,16.77116771,99.18572774
62,1,508,16.77743624,99.17901584
63,1,509,16.78371487,99.17231351
64,1,510,16.78986968,99.16550364
65,1,511,16.79527908,99.15808331
66,1,512,16.79986194,99.15012607
67,1,513,16.80644529,99.14374518
68,1,514,16.81318673,99.13750835
69,1,515,16.81993414,99.1312787
70,1,516,16.82664908,99.12502372
71,1,517,16.83336861,99.11876426
72,1,518,16.84115547,99.11398302
73,1,518,16.84115547,99.11398302
74,1,519,16.8496617,99.11231341
75,1,520,16.85436628,99.12006584
76,1,521,16.85839932,99.12831613
77,1,522,16.8624942,99.13653407
78,1,523,16.86957573,99.13452186
79,1,524,16.87734145,99.12962002
80,1,711,18.32437977,99.53248788
81,1,712,18.33237031,99.5371499
82,1,713,18.34018677,99.54204204
83,1,714,18.34638985,99.54887607
84,1,715,18.35113621,99.55681687
85,1,716,18.35586864,99.56476572
86,1,717,18.36058428,99.5727237
87,1,718,18.36529158,99.58068757
88,1,719,18.37003215,99.5886317
89,1,720,18.37479415,99.59656299
90,1,721,18.37956872,99.60448679
91,1,722,18.38434843,99.61240753
92,1,723,18.38969724,99.61993438
93,1,724,18.39545033,99.62717906
94,1,725,18.40140627,99.63423479
95,1,726,18.40832679,99.64037369
96,1,727,18.41458021,99.64707437
97,1,728,18.41851023,99.65540574
98,1,729,18.42110724,99.66425893
99,1,730,18.42207892,99.67334988
100,1,731,18.42270856,99.68255717
101,1,732,18.42355486,99.6914281
102,1,733,18.42687947,99.69966577
103,1,734,18.42827532,99.70868753
104,1,735,18.42912802,99.71755671
105,1,736,18.42435075,99.72473611
106,1,737,18.41907836,99.73058925
107,1,738,18.42106364,99.73933437
108,1,739,18.42185354,99.7481415
109,1,740,18.42611114,99.75545108
110,1,741,18.43130796,99.76307104
111,1,742,18.43638014,99.77067836
112,1,743,18.44317002,99.77585561
113,1,744,18.44851345,99.78337917
114,1,745,18.45261452,99.79093631
115,1,746,18.45686697,99.79805965
116,1,747,18.46369141,99.80395262
117,1,748,18.47190555,99.80495135
118,1,749,18.48056719,99.80744684
119,1,750,18.48955387,99.80928146
120,1,751,18.49851107,99.81133927
121,1,752,18.5068296,99.81466477
122,1,753,18.51512852,99.8183092
123,1,754,18.5188521,99.82385699
124,1,755,18.52676453,99.82861036
125,1,756,18.53434268,99.83365511
126,1,757,18.54137271,99.83951199
127,1,758,18.54667537,99.8463113
128,1,759,18.55324058,99.85264087
129,1,760,18.5577561,99.85992079
130,1,761,18.56249919,99.86728614
131,1,762,18.56476878,99.87598396
132,1,763,18.57165788,99.88179486
133,1,764,18.57869042,99.88704776
134,1,765,18.58492592,99.89329733
135,1,766,18.59246533,99.89778828
136,1,767,18.60039047,99.90101323
137,1,768,18.60854152,99.90456917
138,1,769,18.61667401,99.90670357
139,1,770,18.62468049,99.90883778
140,1,771,18.63350308,99.91098687
141,1,772,18.640252,99.91675292
142,1,773,18.64864761,99.91992384
143,1,774,18.65708931,99.92177951
144,1,775,18.66560384,99.92538234
145,1,776,18.67429858,99.92823708
146,1,777,18.68076823,99.93456533
147,1,778,18.68549647,99.94195525
148,1,779,18.69314718,99.94499489
149,1,780,18.69901398,99.95027933
150,1,781,18.70531109,99.95552905
151,1,782,18.71313943,99.95757574
152,1,783,18.71878797,99.96415014
153,1,784,18.72622505,99.96819797
154,1,785,18.73418644,99.97163797
155,1,786,18.742061,99.97478905
156,1,787,18.75014919,99.97151446
157,1,787,18.75014919,99.97151446
158,1,788,18.75822915,99.97029418
159,1,789,18.76580828,99.97309531
160,1,790,18.77417649,99.9704598
161,1,791,18.78265719,99.96833873
162,1,792,18.78978584,99.96340967
163,1,793,18.79835365,99.96152092
164,1,794,18.80669503,99.95899183
165,1,795,18.8138922,99.95397437
166,1,796,18.82154981,99.94969848
167,1,797,18.83017506,99.9488658
168,1,798,18.83891341,99.94816661
169,1,799,18.84766341,99.94768609
170,1,800,18.85636099,99.94835353
171,1,801,18.86505138,99.94832214
172,1,802,18.87372479,99.9471417
173,1,803,18.88216394,99.94474329
174,1,804,18.89063425,99.94533806
175,1,805,18.89889222,99.94572619
176,1,806,18.90722194,99.9430591
177,1,807,18.9152461,99.93952917
178,1,808,18.92260583,99.93483245
179,1,809,18.93042162,99.93144205
180,1,810,18.9382637,99.92917974
181,1,811,18.94614214,99.92540978
182,1,812,18.9543224,99.92248985
183,1,813,18.96258586,99.92009871
184,1,814,18.9699146,99.91640584
185,1,387,15.9781659,99.82598176
186,1,388,15.98470377,99.81964201
187,1,389,15.99115901,99.81321802
188,1,390,15.99757488,99.80675543
189,1,391,16.00399853,99.80030249
190,1,392,16.0103396,99.79376699
191,1,393,16.01667504,99.78722555
192,1,394,16.02294344,99.78061878
193,1,395,16.02919347,99.7739946
194,1,396,16.0354386,99.76736644
195,1,397,16.04164868,99.76070653
196,1,398,16.04778855,99.75398152
197,1,399,16.05394962,99.74727575
198,1,400,16.06009638,99.74055673
199,1,401,16.06689136,99.73460905
200,1,402,16.0752829,99.73107049
201,1,403,16.08368114,99.72754741
202,1,404,16.09207841,99.72402197
203,1,405,16.10046052,99.72046186
204,1,406,16.1092971,99.71906354
205,1,406,16.1092971,99.71906354
206,1,407,16.11839319,99.7195136
207,1,408,16.12748973,99.71995532
208,1,409,16.13658597,99.72040138
209,1,410,16.14568347,99.72082366
210,1,411,16.15478169,99.72121438
211,1,412,16.16369573,99.71983537
212,1,412,16.16369573,99.71983537
213,1,413,16.17231241,99.71688704
214,1,414,16.18092839,99.71393616
215,1,415,16.18954748,99.71099439
216,1,416,16.1981701,99.70806293
217,1,417,16.20678263,99.70510444
218,1,417,16.20678263,99.70510444
219,1,418,16.21540134,99.70216383
220,1,419,16.22401239,99.69920045
221,1,420,16.2326319,99.69626005
222,1,421,16.24126186,99.69335118
223,1,422,16.24987495,99.69039208
224,1,423,16.25848895,99.68743597
225,1,424,16.26719456,99.68476745
226,1,425,16.27594061,99.68222814
227,1,426,16.28407887,99.67834993
228,1,427,16.29163411,99.67326457
229,1,428,16.29918451,99.66817202
230,1,428,16.29918451,99.66817202
231,1,429,16.30674758,99.6630984
232,1,430,16.31433635,99.65806663
233,1,431,16.32080295,99.65194083
234,1,432,16.32439559,99.64357229
235,1,433,16.327985,99.63520216
236,1,434,16.33157753,99.62683342
237,1,435,16.33526978,99.6185082
238,1,436,16.33879284,99.61011813
239,1,437,16.34159426,99.60147408
240,1,438,16.34671204,99.59394548
241,1,138,14.73257092,100.7822216
242,1,139,14.73657172,100.7738694
243,1,140,14.74056978,100.7655159
244,1,141,14.7445708,100.7571637
245,1,142,14.74857253,100.7488119
246,1,143,14.75256895,100.7404575
247,1,143,14.75256895,100.7404575
248,1,144,14.7565783,100.7321093
249,1,145,14.7605744,100.7237566
250,1,145,14.7605744,100.7237566
251,1,146,14.76460917,100.7154207
252,1,147,14.76864276,100.7070842
253,1,207,15.21173428,100.6664883
254,1,207,15.21173428,100.6664883
255,1,208,15.22019027,100.6625512
256,1,209,15.22867987,100.6586799
257,1,210,15.23715822,100.6547884
258,1,211,15.24596234,100.6518054
259,1,212,15.25355319,100.6464575
260,1,213,15.26111672,100.6410142
261,1,214,15.26920777,100.636366
262,1,215,15.27729947,100.6317234
263,1,216,15.285386,100.6270689
264,1,217,15.29346069,100.6223936
265,1,217,15.29346069,100.6223936
266,1,218,15.3007773,100.6170272
267,1,39,14.05192622,100.6168436
268,1,39,14.05192622,100.6168436
269,1,40,14.06094487,100.6172114
270,1,41,14.06996448,100.6175592
271,1,42,14.07898464,100.6179006
272,1,43,14.08800482,100.6182383
273,1,44,14.09702595,100.6185547
274,1,45,14.10605034,100.618666
275,1,46,14.11507573,100.6185838
276,1,47,14.12410091,100.6185016
277,1,48,14.1331275,100.6184256
278,1,49,14.14215407,100.618346
279,1,50,14.15118065,100.618272
280,1,51,14.16020721,100.618192
281,1,254,15.26829089,100.356636
282,1,255,15.26535466,100.3485049
283,1,256,15.26469455,100.3401021
284,1,257,15.26237251,100.3317748
285,1,258,15.26005864,100.3234434
286,1,259,15.25777707,100.3151057
287,1,260,15.25545019,100.3067795
288,1,260,15.25545019,100.3067795
289,1,261,15.25314127,100.2984472
290,1,262,15.25138076,100.2899852
291,1,343,15.7066125,100.1102082
292,1,344,15.70702072,100.1009477
293,1,345,15.70721422,100.0916719
294,1,346,15.70741768,100.0823966
295,1,891,19.57955358,99.74541849
296,1,892,19.58849107,99.74612316
297,1,892,19.58849107,99.74612316
298,1,893,19.5971524,99.74876419
299,1,894,19.60616138,99.74822406
300,1,895,19.61478349,99.74542617
301,1,896,19.62335565,99.74284703
302,1,897,19.63245442,99.74291087
303,1,898,19.64105116,99.74085309
304,1,899,19.64922064,99.73716851
305,1,900,19.65815126,99.73551492
306,1,901,19.66709743,99.73386269
307,1,902,19.67504713,99.7296271
308,1,903,19.68371467,99.72694599
309,1,904,19.69136062,99.7223432
310,1,905,19.70012186,99.71988788
311,1,906,19.70881676,99.7201847
312,1,907,19.71697877,99.7165718
313,1,908,19.72593412,99.71632136
314,1,909,19.73417971,99.72007314
315,1,910,19.74224548,99.72428295
316,1,910,19.74224548,99.72428295
317,1,911,19.74996083,99.7290534
318,1,912,19.75788036,99.7334876
319,1,439,16.35074053,99.5857911
320,1,439,16.35074053,99.5857911
321,1,440,16.35482194,99.57768177
322,1,440,16.35482194,99.57768177
323,1,441,16.35901705,99.56962991
324,1,442,16.36342604,99.56169344
325,1,443,16.36781711,99.55374673
326,1,444,16.37247173,99.54595288
327,1,445,16.37722805,99.53821917
328,1,446,16.38196375,99.53047274
329,1,447,16.38692192,99.52289322
330,1,448,16.39566612,99.52147868
331,1,449,16.40474533,99.52143707
332,1,450,16.41382438,99.52141042
333,1,451,16.42289827,99.52145949
334,1,452,16.43024926,99.51630132
335,1,453,16.43719835,99.51045813
336,1,454,16.44413813,99.50460452
337,1,455,16.45111048,99.49878936
338,1,456,16.459043,99.49541053
339,1,457,16.46809875,99.49605319
340,1,458,16.47716324,99.49656317
341,1,840,19.17153468,99.90624758
342,1,840,19.17153468,99.90624758
343,1,841,19.17858127,99.90044336
344,1,842,19.18459658,99.89357636
345,1,843,19.18999766,99.88624053
346,1,844,19.19475814,99.87844882
347,1,845,19.20127274,99.87235385
348,1,846,19.21018879,99.87039428
349,1,847,19.21869904,99.86710019
350,1,848,19.22712998,99.86359491
351,1,849,19.23619563,99.86279751
352,1,850,19.24466637,99.85945791
353,1,851,19.25353554,99.85736679
354,1,852,19.26266136,99.85708043
355,1,853,19.27172934,99.85688568
356,1,854,19.28076047,99.8556132
357,1,855,19.28988533,99.85529679
358,1,856,19.29874074,99.85312256
359,1,857,19.30688692,99.8495657
360,1,858,19.31377027,99.84360013
361,1,859,19.3213455,99.83850044
362,1,860,19.3268956,99.83133375
363,1,861,19.33207246,99.82381117
364,1,861,19.33207246,99.82381117
365,1,862,19.33694831,99.81609311
366,1,863,19.34276084,99.80921486
367,1,864,19.35027365,99.80402386
368,1,865,19.35778936,99.7988371
369,1,866,19.36567139,99.79423558
370,1,867,19.37369433,99.78987439
371,1,868,19.38175611,99.78558527
372,1,869,19.38981579,99.7812921
373,1,870,19.39787336,99.77699503
374,1,871,19.40593925,99.77271352
375,1,872,19.41423406,99.76894861
376,1,873,19.42286062,99.76595322
377,1,874,19.43115297,99.76215053
378,1,875,19.43970799,99.75896932
379,1,876,19.44869121,99.75782758
380,1,877,19.4576361,99.75612955
381,1,878,19.46664208,99.75475955
382,1,879,19.47551294,99.75259757
383,1,880,19.48436804,99.75036672
384,1,881,19.49336799,99.74883488
385,1,882,19.50225266,99.74682133
386,1,883,19.51133622,99.74588511
387,1,884,19.52041955,99.74494751
388,1,885,19.52946888,99.74375698
389,1,886,19.53847123,99.74223187
390,1,887,19.54657274,99.74524613
391,1,888,19.5549465,99.74859686
392,1,889,19.56376074,99.75098387
393,1,890,19.57207696,99.75013813
394,1,890,19.57207696,99.75013813
395,1,189,15.06223001,100.7192746
396,1,190,15.06967663,100.7163796
397,1,190,15.06967663,100.7163796
398,1,191,15.0782416,100.7134006
399,1,192,15.08715634,100.7133926
400,1,193,15.09616633,100.7144246
401,1,193,15.09616633,100.7144246
402,1,194,15.10448674,100.7123137
403,1,195,15.11218956,100.707593
404,1,196,15.1205749,100.704139
405,1,197,15.12895211,100.7006654
406,1,198,15.13732531,100.6971826
407,1,199,15.14570103,100.6937076
408,1,200,15.15406999,100.6902142
409,1,201,15.16218487,100.6862766
410,1,202,15.16930843,100.6806655
411,1,203,15.17780707,100.6782849
412,1,204,15.18681584,100.6772435
413,1,205,15.19524976,100.6741043
414,1,206,15.20348358,100.6703028
415,1,459,16.48352101,99.49052017
416,1,460,16.48993347,99.4837849
417,1,461,16.49838712,99.48246881
418,1,462,16.50743561,99.4833861
419,1,463,16.51624998,99.48038972
420,1,464,16.52506753,99.47740257
421,1,465,16.53308088,99.47300128
422,1,466,16.5397263,99.46648191
423,1,467,16.54639806,99.45998753
424,1,468,16.55307205,99.45349542
425,1,468,16.55307205,99.45349542
426,1,469,16.56028894,99.44775904
427,1,470,16.56890987,99.44424212
428,1,471,16.57752722,99.44071632
429,1,472,16.58570512,99.43648734
430,1,473,16.58959056,99.42804884
431,1,474,16.59322963,99.41947989
432,1,475,16.59685885,99.41090659
433,1,476,16.60050247,99.40233929
434,1,477,16.60412526,99.39376281
435,1,478,16.60777279,99.38519674
436,1,479,16.61142338,99.37663242
437,1,480,16.61521712,99.36814169
438,1,481,16.62081195,99.36070119
439,1,482,16.62643318,99.35327985
440,1,483,16.63204925,99.3458548
441,1,484,16.63767435,99.33843631
442,1,485,16.64335572,99.33106458
443,1,486,16.64988368,99.32442653
444,1,487,16.65641683,99.31779355
445,1,488,16.66294499,99.31115592
446,1,489,16.66947109,99.30451622
447,1,490,16.6730745,99.29654713
448,1,491,16.67154015,99.28736433
449,1,492,16.67206305,99.27819003
450,1,492,16.67206305,99.27819003
451,1,219,15.3033685,100.6082029
452,1,220,15.30442833,100.5992088
453,1,221,15.30550059,100.5902407
454,1,221,15.30550059,100.5902407
455,1,222,15.3097837,100.5824742
456,1,222,15.3097837,100.5824742
457,1,223,15.31792214,100.5784006
458,1,223,15.31792214,100.5784006
459,1,224,15.32460678,100.5728811
460,1,225,15.32762837,100.564297
461,1,226,15.33058622,100.5556906
462,1,227,15.3335376,100.5470815
463,1,228,15.33648554,100.5384717
464,1,229,15.34281717,100.5320714
465,1,230,15.34962122,100.5260279
466,1,231,15.35558749,100.5194669
467,1,232,15.35518785,100.5107555
468,1,52,14.16926406,100.61812
469,1,53,14.17831831,100.6189708
470,1,54,14.18393965,100.6260041
471,1,55,14.18828567,100.634107
472,1,55,14.18828567,100.634107
473,1,56,14.19263124,100.6422066
474,1,57,14.19696492,100.6503162
475,1,58,14.20130452,100.6584226
476,1,59,14.20564145,100.6665302
477,1,60,14.20997618,100.6746391
478,1,61,14.2143057,100.6827503
479,1,62,14.21862989,100.6908649
480,1,63,14.2229604,100.698976
481,1,64,14.22728162,100.7070922
482,1,65,14.23160218,100.7152088
483,1,66,14.23568177,100.7234451
484,1,67,14.23900917,100.7318509
485,1,68,14.24079211,100.7406339
486,1,69,14.24519971,100.7487033
487,1,70,14.24960198,100.7567757
488,1,71,14.2540047,100.7648477
489,1,72,14.25841161,100.7729177
490,1,73,14.26280842,100.7809932
491,1,74,14.26719388,100.7890747
492,1,75,14.2715839,100.7971539
493,1,76,14.2759704,100.8052349
494,1,77,14.2807948,100.8129982
495,1,78,14.28832885,100.8182683
496,1,79,14.29591513,100.8234265
497,1,79,14.29591513,100.8234265
498,1,618,17.63628918,99.23922253
499,1,619,17.64479364,99.24214955
500,1,620,17.65078265,99.24877202
501,1,621,17.65881993,99.24960908
502,1,622,17.66567147,99.24452957
503,1,623,17.67444437,99.24335939
504,1,624,17.68302891,99.24023592
505,1,625,17.68959365,99.23447839
506,1,626,17.69789483,99.23305125
507,1,627,17.70665748,99.23046979
508,1,628,17.71564201,99.22908715
509,1,629,17.72471759,99.22936129
510,1,630,17.733197,99.23263327
511,1,631,17.74169768,99.23172585
512,1,632,17.74942402,99.23357742
513,1,633,17.75618042,99.23925005
514,1,634,17.76410384,99.24326616
515,1,635,17.77115482,99.24862666
516,1,636,17.7787744,99.25299498
517,1,637,17.7845684,99.2600363
518,1,638,17.79292698,99.26370351
519,1,639,17.80138388,99.2671388
520,1,640,17.80974855,99.26850954
521,1,79,14.29591513,100.8234265
522,1,79,14.29591513,100.8234265
523,1,80,14.30346351,100.8285094
524,1,80,14.30346351,100.8285094
525,1,81,14.31096112,100.8337217
526,1,82,14.31846345,100.8389274
527,1,83,14.32596633,100.844132
528,1,84,14.33311138,100.8497696
529,1,84,14.33311138,100.8497696
530,1,85,14.33788115,100.8575215
531,1,85,14.33788115,100.8575215
532,1,86,14.34438042,100.8639343
533,1,87,14.35090761,100.8703194
534,1,87,14.35090761,100.8703194
535,1,88,14.35783318,100.876165
536,1,89,14.36669917,100.8783173
537,1,90,14.37481209,100.8825056
538,1,91,14.38314755,100.8861799
539,1,92,14.39208978,100.8880103
540,1,93,14.4010674,100.8896781
541,1,93,14.4010674,100.8896781
542,1,93,14.4010674,100.8896781
543,1,233,15.35143229,100.5024406
544,1,233,15.35143229,100.5024406
545,1,234,15.34707674,100.4943587
546,1,234,15.34707674,100.4943587
547,1,234,15.34707674,100.4943587
548,1,235,15.34044717,100.489415
549,1,236,15.33180025,100.4869951
550,1,237,15.32388534,100.4823419
551,1,238,15.31744788,100.4761052
552,1,239,15.3125127,100.4683688
553,1,240,15.30758067,100.4606283
554,1,241,15.30262885,100.4528989
555,1,242,15.29768167,100.4451649
556,1,243,15.29503039,100.4373107
557,1,244,15.28825085,100.4315167
558,1,245,15.28973581,100.4230567
559,1,246,15.29258693,100.4143277
560,1,247,15.29702345,100.4062902
561,1,248,15.30144843,100.3982511
562,1,249,15.29641067,100.3911907
563,1,249,15.29641067,100.3911907
564,1,250,15.28967188,100.3849565
565,1,251,15.28292211,100.3787313
566,1,252,15.27617581,100.3725017
567,1,253,15.27124245,100.3649344
568,1,253,15.27124245,100.3649344
569,1,93,14.4010674,100.8896781
570,1,93,14.4010674,100.8896781
571,1,93,14.4010674,100.8896781
572,1,94,14.40996025,100.8913606
573,1,94,14.40996025,100.8913606
574,1,94,14.40996025,100.8913606
575,1,94,14.40996025,100.8913606
576,1,95,14.41887044,100.8930736
577,1,95,14.41887044,100.8930736
578,1,96,14.42778888,100.8947427
579,1,96,14.42778888,100.8947427
580,1,97,14.43669489,100.8964759
581,1,97,14.43669489,100.8964759
582,1,98,14.44524484,100.8995038
583,1,98,14.44524484,100.8995038
584,1,99,14.45378372,100.9025713
585,1,99,14.45378372,100.9025713
586,1,100,14.46231872,100.9056508
587,1,100,14.46231872,100.9056508
588,1,101,14.47084705,100.9087486
589,1,101,14.47084705,100.9087486
590,1,101,14.47084705,100.9087486
591,1,102,14.47936815,100.911865
592,1,102,14.47936815,100.911865
593,1,103,14.4879169,100.9149011
594,1,103,14.4879169,100.9149011
595,1,103,14.4879169,100.9149011
596,1,104,14.49649641,100.916633
597,1,105,14.50515666,100.9177977
598,1,106,14.51374024,100.9161304
599,1,107,14.52224042,100.914111
600,1,108,14.53076576,100.9121581
601,1,109,14.53928809,100.9101464
602,1,110,14.54782132,100.9081906
603,1,111,14.55636197,100.9062556
604,1,111,14.55636197,100.9062556
605,1,112,14.56489001,100.9042663
606,1,112,14.56489001,100.9042663
607,1,113,14.57341084,100.90225
608,1,114,14.5819401,100.9002635
609,1,115,14.59047508,100.8983016
610,1,116,14.59901054,100.8963415
611,1,117,14.60754558,100.8943795
612,1,118,14.61607732,100.8924031
613,1,119,14.62461029,100.8904321
614,1,120,14.63314422,100.888466
615,1,121,14.64167992,100.8865069
616,1,122,14.65021637,100.8845513
617,1,122,14.65021637,100.8845513
618,1,123,14.65873227,100.8858523
619,1,123,14.65873227,100.8858523
620,1,347,15.70964202,100.0735656
621,1,347,15.70964202,100.0735656
622,1,348,15.71405588,100.0653804
623,1,349,15.71844894,100.0571841
624,1,349,15.71844894,100.0571841
625,1,350,15.72284418,100.0489899
626,1,351,15.72713001,100.0407376
627,1,352,15.73143432,100.0324953
628,1,353,15.73572888,100.0242509
629,1,354,15.73995034,100.0159648
630,1,355,15.74560921,100.0086794
631,1,356,15.75235847,100.0022841
632,1,357,15.7591089,99.99588775
633,1,358,15.76585391,99.98948606
634,1,358,15.76585391,99.98948606
635,1,358,15.76585391,99.98948606
636,1,358,15.76585391,99.98948606
637,1,358,15.76585391,99.98948606
638,1,359,15.77256602,99.98305027
639,1,360,15.77933951,99.97667886
640,1,361,15.78614326,99.97033952
641,1,362,15.79295023,99.9640041
642,1,363,15.7997588,99.95767123
643,1,364,15.80657427,99.9513453
644,1,365,15.81344107,99.94507538
645,1,366,15.82121003,99.9399945
646,1,367,15.82928694,99.93538605
647,1,368,15.83735694,99.93076506
648,1,369,15.84542517,99.92614169
649,1,370,15.8534952,99.92152073
650,1,371,15.86156264,99.91689494
651,1,372,15.86962939,99.91226789
652,1,373,15.87768337,99.90761901
653,1,374,15.88575108,99.90299362
654,1,375,15.89383202,99.89839154
655,1,376,15.90188354,99.89373854
656,1,377,15.90948116,99.88838719
657,1,378,15.91664653,99.88246058
658,1,379,15.92370788,99.87641079
659,1,380,15.93063328,99.87020601
660,1,381,15.93754225,99.86398117
661,1,382,15.94439909,99.85770403
662,1,383,15.95124099,99.85140573
663,1,384,15.95808924,99.84511429
664,1,385,15.96481936,99.83870659
665,1,386,15.97155161,99.83229112
666,1,160,14.85379879,100.6411789
667,1,161,14.86275479,100.6392334
668,1,162,14.87171054,100.6372866
669,1,162,14.87171054,100.6372866
670,1,163,14.87922917,100.6325806
671,1,164,14.88545521,100.6292227
672,1,165,14.89125092,100.6221504
673,1,166,14.89486737,100.6139524
674,1,166,14.89486737,100.6139524
675,1,167,14.90230942,100.6095114
676,1,168,14.91077955,100.6060124
677,1,169,14.91973189,100.6065318
678,1,170,14.92862049,100.608765
679,1,171,14.93699455,100.6121165
680,1,172,14.94397039,100.6180607
681,1,173,14.95094891,100.6240017
682,1,174,14.95795474,100.6299094
683,1,175,14.96481924,100.6359742
684,1,176,14.97125437,100.6424996
685,1,177,14.97769286,100.6490219
686,1,178,14.9846612,100.654966
687,1,179,14.99174471,100.6607809
688,1,180,14.9988206,100.6666054
689,1,181,15.00585875,100.672473
690,1,182,15.01291682,100.6783193
691,1,183,15.01996707,100.6841749
692,1,184,15.02703969,100.6900025
693,1,185,15.03408405,100.6958641
694,1,186,15.04113079,100.7017242
695,1,187,15.04817833,100.7075833
696,1,188,15.05523249,100.713433
697,1,306,15.39688385,100.1471145
698,1,307,15.40579271,100.1470824
699,1,308,15.41470718,100.1471677
700,1,309,15.42331483,100.1453215
701,1,310,15.43170836,100.1423322
702,1,311,15.44041281,100.1439443
703,1,312,15.4490738,100.1460569
704,1,313,15.45789399,100.1456998
705,1,314,15.46654425,100.1435449
706,1,315,15.47514343,100.1412218
707,1,316,15.48227446,100.1359365
708,1,317,15.48966152,100.1310532
709,1,318,15.49795576,100.1277846
710,1,319,15.50643361,100.1251835
711,1,320,15.51527729,100.1261958
712,1,321,15.52412534,100.1271718
713,1,322,15.53266519,100.1247583
714,1,323,15.54123984,100.1269693
715,1,324,15.54997143,100.1277914
716,1,325,15.55883773,100.1268606
717,1,326,15.56770525,100.1259425
718,1,327,15.57657177,100.1250173
719,1,328,15.58543609,100.1240778
720,1,329,15.5943059,100.1231852
721,1,148,14.77323141,100.6990791
722,1,149,14.77845197,100.6914475
723,1,150,14.78365634,100.6838047
724,1,151,14.7888729,100.6761711
725,1,152,14.79407598,100.6685275
726,1,153,14.79921058,100.660846
727,1,153,14.79921058,100.660846
728,1,154,14.7997254,100.6524395
729,1,155,14.80865826,100.6510273
730,1,156,14.81769107,100.6490499
731,1,157,14.82672285,100.6470692
732,1,158,14.83575883,100.6451063
733,1,159,14.84479496,100.6431445
734,1,534,16.96127074,99.13140583
735,1,535,16.97032786,99.13076627
736,1,536,16.97744291,99.1262915
737,1,537,16.9840298,99.1204292
738,1,538,16.99195188,99.11594795
739,1,539,17.00004028,99.11181339
740,1,540,17.00845019,99.10834001
741,1,541,17.01573903,99.1028911
742,1,542,17.02295317,99.09733834
743,1,543,17.0301964,99.09182471
744,1,544,17.03738211,99.0862389
745,1,545,17.04460811,99.08070148
746,1,546,17.05218768,99.0757014
747,1,547,17.06019469,99.07136811
748,1,548,17.06819772,99.06702723
749,1,549,17.07676261,99.06669697
750,1,550,17.08504594,99.07047542
751,1,551,17.09361711,99.07333259
752,1,552,17.10261767,99.07470288
753,1,553,17.10913103,99.08019998
754,1,554,17.11304488,99.08840254
755,1,555,17.11943576,99.09460696
756,1,556,17.12698479,99.09967102
757,1,557,17.13383578,99.10566624
758,1,558,17.13867177,99.11336737
759,1,559,17.14337606,99.12116075
760,1,560,17.14847027,99.12863367
761,1,561,17.15705866,99.13160726
762,1,562,17.16564182,99.13463712
763,1,563,17.17416945,99.13782126
764,1,564,17.18275812,99.13622824
765,1,565,17.19065458,99.13169747
766,1,566,17.19855231,99.12716779
767,1,567,17.20679018,99.12344899
768,1,568,17.21588824,99.12320732
769,1,569,17.2249886,99.12299765
770,1,570,17.23409043,99.12284677
771,1,571,17.24266792,99.12525046
772,1,572,17.25082594,99.12929208
773,1,573,17.25898712,99.13332751
774,1,574,17.26760918,99.13623067
775,1,575,17.27628124,99.13900224
776,1,576,17.28501413,99.14149911
777,1,577,17.29405329,99.1425796
778,1,578,17.30210508,99.14672813
779,1,579,17.31087032,99.14910685
780,1,580,17.31972765,99.15121314
781,1,581,17.32858395,99.15332458
782,1,582,17.33724068,99.15247813
783,1,583,17.3455598,99.14955688
784,1,525,16.88573243,99.12730911
785,1,525,16.88573243,99.12730911
786,1,525,16.88573243,99.12730911
787,1,525,16.88573243,99.12730911
788,1,526,16.89458381,99.12889069
789,1,526,16.89458381,99.12889069
790,1,526,16.89458381,99.12889069
791,1,527,16.90294366,99.12544954
792,1,527,16.90294366,99.12544954
793,1,527,16.90294366,99.12544954
794,1,528,16.91048277,99.12028925
795,1,529,16.91853038,99.11599722
796,1,530,16.92723669,99.11813277
797,1,531,16.93573783,99.12148357
798,1,532,16.94424,99.12483206
799,1,533,16.95273966,99.12818608
800,1,641,17.81468103,99.27584547
801,1,642,17.81943324,99.28289775
802,1,643,17.82801546,99.28435948
803,1,644,17.8334818,99.29016559
804,1,645,17.84164342,99.29355703
805,1,646,17.85057522,99.29242654
806,1,647,17.8538281,99.30039285
807,1,648,17.85861519,99.30773667
808,1,649,17.86173636,99.3161262
809,1,650,17.8622398,99.32524092
810,1,651,17.86543933,99.33350966
811,1,652,17.87304386,99.33706407
812,1,653,17.88208416,99.33806972
813,1,654,17.89107826,99.33963055
814,1,655,17.90007602,99.34115583
815,1,656,17.90918732,99.34169611
816,1,657,17.91764692,99.3445002
817,1,658,17.92660523,99.34622473
818,1,659,17.93558579,99.34786151
819,1,660,17.94391484,99.35133293
820,1,661,17.95288143,99.35077794
821,1,662,17.96090057,99.35462171
822,1,663,17.96969242,99.35271514
823,1,663,17.96969242,99.35271514
824,1,664,17.97772905,99.35582552
825,1,665,17.98674209,99.35674014
826,1,666,17.99570584,99.35566618
827,1,667,18.00474781,99.35577135
828,1,668,18.01316494,99.35842434
829,1,669,18.01797755,99.36617862
830,1,670,18.023322,99.37345212
831,1,671,18.03233495,99.37455329
832,1,672,18.04025289,99.37888495
833,1,672,18.04025289,99.37888495
834,1,673,18.04766452,99.38410141
835,1,674,18.05537309,99.38889282
836,1,675,18.06434195,99.39037361
837,1,676,18.07325557,99.39230422
838,1,677,18.08212671,99.39445204
839,1,678,18.09099955,99.3965951
840,1,679,18.09988455,99.3986752
841,1,680,18.10875557,99.39681679
842,1,681,18.11752845,99.3942932
843,1,682,18.12629924,99.39176288
844,1,683,18.13528459,99.39061796
845,1,684,18.14400497,99.39225253
846,1,685,18.14737942,99.40058547
847,1,686,18.1560065,99.40294652
848,1,687,18.16486778,99.40511163
849,1,688,18.1736753,99.40751014
850,1,689,18.18255526,99.40871314
851,1,690,18.19142963,99.40660812
852,1,691,18.20030842,99.4081745
853,1,692,18.2073147,99.41404554
854,1,693,18.21344875,99.42096679
855,1,694,18.22148386,99.42545765
856,1,695,18.2297699,99.42956427
857,1,696,18.23600075,99.43611152
858,1,697,18.24153432,99.4435146
859,1,698,18.2477147,99.45037305
860,1,699,18.25435094,99.45676691
861,1,700,18.26039431,99.4637611
862,1,701,18.26666216,99.47055584
863,1,702,18.27207263,99.47805633
864,1,703,18.27747475,99.48556277
865,1,703,18.27747475,99.48556277
866,1,704,18.28123884,99.49376575
867,1,705,18.28180482,99.50299684
868,1,706,18.28412336,99.51167679
869,1,706,18.28412336,99.51167679
870,1,707,18.29191822,99.51663658
871,1,708,18.29944429,99.52200074
872,1,709,18.3070124,99.52730181
873,1,710,18.31615891,99.52833953
874,1,584,17.35457799,99.14898238
875,1,585,17.36337886,99.14672722
876,1,586,17.37223115,99.14868238
877,1,587,17.38113872,99.14804971
878,1,588,17.39018542,99.14863545
879,1,589,17.39923201,99.14953224
880,1,590,17.40825902,99.14974996
881,1,591,17.41558014,99.1550111
882,1,592,17.42399382,99.15759004
883,1,593,17.43305606,99.15831427
884,1,594,17.44211849,99.15903586
885,1,595,17.45118113,99.15975399
886,1,596,17.46024405,99.16046942
887,1,597,17.46930459,99.16121023
888,1,598,17.4780283,99.16373831
889,1,599,17.48670831,99.16644086
890,1,600,17.49433104,99.17121992
891,1,601,17.50151434,99.17679201
892,1,602,17.50869607,99.18236604
893,1,603,17.51734096,99.18458118
894,1,604,17.52565085,99.18826369
895,1,605,17.53395751,99.19195765
896,1,606,17.54225766,99.19566654
897,1,607,17.55055704,99.19937691
898,1,608,17.55885641,99.20308711
899,1,609,17.56776529,99.20246833
900,1,610,17.57576016,99.20468818
901,1,611,17.5807896,99.21226012
902,1,612,17.5862686,99.21942918
903,1,613,17.5949048,99.22221169
904,1,614,17.60333598,99.22560975
905,1,615,17.6117473,99.22905911
906,1,616,17.619228,99.23408763
907,1,617,17.62723489,99.23805842
908,1,617,17.62723489,99.23805842
909,1,617,17.62723489,99.23805842
910,1,263,15.24974545,100.2813701
911,1,264,15.24803635,100.2721461
912,1,265,15.24625739,100.2629336
913,1,265,15.24625739,100.2629336
914,1,265,15.24625739,100.2629336
915,1,266,15.24443459,100.2537292
916,1,266,15.24443459,100.2537292
917,1,266,15.24443459,100.2537292
918,1,266,15.24443459,100.2537292
919,1,267,15.242744,100.2444995
920,1,268,15.24094167,100.2352904
921,1,269,15.23911173,100.2260868
922,1,270,15.23721221,100.2168986
923,1,271,15.23486938,100.2078145
924,1,271,15.23486938,100.2078145
925,1,271,15.23486938,100.2078145
926,1,271,15.23486938,100.2078145
927,1,272,15.23276407,100.1986701
928,1,272,15.23276407,100.1986701
929,1,273,15.23073899,100.1895077
930,1,274,15.2281202,100.180545
931,1,275,15.22258096,100.1729909
932,1,276,15.2168487,100.1655624
933,1,277,15.21111144,100.1581402
934,1,277,15.21111144,100.1581402
935,1,278,15.20439073,100.1516392
936,1,279,15.19871219,100.1442199
937,1,280,15.19333092,100.1365331
938,1,280,15.19333092,100.1365331
939,1,280,15.19333092,100.1365331
940,1,280,15.19333092,100.1365331
941,1,280,15.19333092,100.1365331
942,1,280,15.19333092,100.1365331
943,1,281,15.19060306,100.129251
944,1,282,15.19851638,100.1247101
945,1,283,15.20666408,100.1205556
946,1,284,15.21481074,100.1163991
947,1,285,15.22295714,100.112242
948,1,286,15.23110123,100.1080804
949,1,287,15.23924339,100.103918
950,1,288,15.24738707,100.0997556
951,1,289,15.25553117,100.095594
952,1,290,15.26388306,100.0923229
953,1,290,15.26388306,100.0923229
954,1,291,15.27281899,100.0942639
955,1,292,15.2817597,100.0961896
956,1,293,15.29069944,100.0981196
957,1,294,15.29963976,100.1000469
958,1,295,15.30857922,100.1019775
959,1,296,15.31751692,100.1039171
960,1,297,15.32571228,100.1076049
961,1,298,15.33330239,100.1127057
962,1,299,15.34087358,100.1178357
963,1,299,15.34087358,100.1178357
964,1,300,15.34844582,100.1229645
965,1,301,15.35648675,100.1272665
966,1,302,15.36480904,100.1310589
967,1,303,15.37313354,100.1348463
968,1,304,15.38145579,100.1386388
969,1,305,15.38911881,100.1435779
970,1,330,15.6031007,100.1222237
971,1,331,15.61181081,100.1213106
972,1,331,15.61181081,100.1213106
973,1,332,15.62041704,100.1223094
974,1,333,15.6281618,100.1263862
975,1,334,15.63582119,100.1306331
976,1,335,15.64357408,100.1346709
977,1,336,15.65204307,100.1329631
978,1,336,15.65204307,100.1329631
979,1,337,15.66039435,100.1303264
980,1,338,15.66874335,100.127682
981,1,339,15.67721674,100.1255312
982,1,340,15.68584236,100.1240295
983,1,341,15.69448555,100.1226362
984,1,342,15.70125187,100.1173184
985,1,944,20.00545081,99.86745466
986,1,944,20.00545081,99.86745466
987,1,945,20.01433516,99.86930305
988,1,946,20.02310186,99.87164581
989,1,947,20.03184101,99.87406875
990,1,948,20.04073315,99.87587922
991,1,949,20.04975574,99.875917
992,1,950,20.05879746,99.8754331
993,1,951,20.06787144,99.8755893
994,1,952,20.07692739,99.87541282
995,1,953,20.08596017,99.8745885
996,1,954,20.09500626,99.87457804
997,1,955,20.10404505,99.87376874
998,1,956,20.11308827,99.87300178
999,1,957,20.12072878,99.86870977
1000,1,958,20.12878022,99.86519551
1001,1,959,20.13565608,99.85935784
1002,1,960,20.14361204,99.85699629
1003,1,961,20.1525406,99.85855443
1004,1,962,20.1606808,99.85811645
1005,1,963,20.16792555,99.85329131
1006,1,964,20.17695978,99.85293884
1007,1,965,20.18562337,99.85561548
1008,1,966,20.19424691,99.8584441
1009,1,967,20.20316485,99.85893611
1010,1,968,20.2122059,99.85816212
1011,1,969,20.22098921,99.85640049
1012,1,970,20.23006002,99.85619314
1013,1,970,20.23006002,99.85619314
1014,1,970,20.23006002,99.85619314
1015,1,970,20.23006002,99.85619314
1016,1,971,20.23901297,99.85608723
1017,1,972,20.24796606,99.85601068
1018,1,973,20.25691837,99.8559952
1019,1,974,20.26541592,99.85831258
1020,1,974,20.26541592,99.85831258
1021,1,975,20.273414,99.86233655
1022,1,976,20.28145747,99.86626952
1023,1,977,20.28961687,99.86994677
1024,1,978,20.29774195,99.87370958
1025,1,979,20.30587541,99.87745433
1026,1,980,20.31416718,99.88076617
1027,1,981,20.3228947,99.88275572
1028,1,982,20.33162725,99.88473164
1029,1,983,20.34040935,99.88647793
1030,1,984,20.34930787,99.8868315
1031,1,985,20.35820447,99.88582321
1032,1,986,20.36708336,99.88467103
1033,1,987,20.37586109,99.88506134
1034,1,988,20.38472436,99.88440516
1035,1,989,20.3935984,99.88509749
1036,1,990,20.40247698,99.88498696
1037,1,991,20.41132219,99.88593402
1038,1,992,20.41990211,99.88379474
1039,1,993,20.42825594,99.88444445
1040,1,994,20.43686851,99.88364939
1041,1,124,14.66735152,100.8875912
1042,1,125,14.67526779,100.8832489
1043,1,126,14.68061276,100.8758081
1044,1,127,14.68824169,100.8707861
1045,1,127,14.68824169,100.8707861
1046,1,128,14.69610526,100.8660768
1047,1,129,14.70042845,100.8581761
1048,1,130,14.70364423,100.8495917
1049,1,130,14.70364423,100.8495917
1050,1,131,14.70687577,100.8410133
1051,1,132,14.71010854,100.8324352
1052,1,133,14.71333925,100.8238565
1053,1,133,14.71333925,100.8238565
1054,1,134,14.71671965,100.8153402
1055,1,135,14.72067579,100.8070707
1056,1,136,14.72463475,100.7988029
1057,1,136,14.72463475,100.7988029
1058,1,137,14.72859103,100.790535
1059,1,25,13.92615236,100.6264547
1060,1,26,13.93506631,100.6250954
1061,1,27,13.94397246,100.6234826
1062,1,913,19.76673511,99.73609792
1063,1,914,19.77531517,99.73971542
1064,1,915,19.78358341,99.74398361
1065,1,916,19.79189904,99.74813769
1066,1,917,19.79971244,99.75314027
1067,1,918,19.80864953,99.75556179
1068,1,919,19.81680469,99.76006209
1069,1,920,19.82394203,99.76598735
1070,1,920,19.82394203,99.76598735
1071,1,921,19.82706402,99.77471417
1072,1,922,19.83245513,99.7822593
1073,1,923,19.83772418,99.78990834
1074,1,924,19.84210138,99.79813339
1075,1,925,19.84738084,99.80576545
1076,1,926,19.85328296,99.81289744
1077,1,927,19.86017877,99.819159
1078,1,928,19.86783925,99.82441204
1079,1,929,19.87536844,99.82982814
1080,1,930,19.88328351,99.8344735
1081,1,930,19.88328351,99.8344735
1082,1,931,19.89218381,99.83720192
1083,1,932,19.90110079,99.83988548
1084,1,933,19.91023037,99.84052893
1085,1,934,19.9166062,99.84664311
1086,1,935,19.92548306,99.84442023
1087,1,936,19.93473376,99.84490713
1088,1,937,19.94383301,99.8466506
1089,1,938,19.95258039,99.84982433
1090,1,939,19.96102721,99.85374172
1091,1,939,19.96102721,99.85374172
1092,1,940,19.96970838,99.85708187
1093,1,941,19.97861323,99.85980299
1094,1,942,19.98751148,99.8625472
1095,1,943,19.99639287,99.86533939
1096,1,944,20.00545081,99.86745466
1097,1,944,20.00545081,99.86745466
1098,1,19,13.87917579,100.5988316
1099,2,343,16.4934265,102.8325849
1100,2,344,16.50245419,102.8325771
1101,2,345,16.51148145,102.8325529
1102,2,345,16.51148145,102.8325529
1103,2,346,16.52049813,102.8322465
1104,2,347,16.52936382,102.8306357
1105,2,348,16.53829179,102.8302796
1106,2,349,16.54708431,102.8282393
1107,2,350,16.55587715,102.8261957
1108,2,351,16.56463001,102.8239934
1109,2,352,16.57341672,102.8219221
1110,2,353,16.5822344,102.8199916
1111,2,354,16.59109009,102.8183945
1112,2,355,16.60010115,102.8180388
1113,2,356,16.60720796,102.8126464
1114,2,357,16.61396192,102.8066689
1115,2,358,16.62146572,102.8018046
1116,2,359,16.62996741,102.7993094
1117,2,360,16.63897892,102.7997955
1118,2,420,17.13426329,102.946042
1119,2,421,17.14316676,102.9480602
1120,2,422,17.15209643,102.9500014
1121,2,423,17.16103997,102.9517889
1122,2,424,17.16970927,102.9496473
1123,2,425,17.17695415,102.9440936
1124,2,426,17.18464155,102.9391567
1125,2,427,17.19240259,102.9343367
1126,2,428,17.20014402,102.9294813
1127,2,429,17.2077566,102.9244296
1128,2,430,17.21515675,102.9190697
1129,2,431,17.22257675,102.9137353
1130,2,432,17.23002827,102.9084487
1131,2,433,17.23738213,102.9030366
1132,2,434,17.24459819,102.8974392
1133,2,435,17.25205364,102.8922249
1134,2,436,17.25951744,102.886955
1135,2,437,17.26697068,102.8816795
1136,2,438,17.27435855,102.8763027
1137,2,439,17.28178648,102.8709949
1138,2,440,17.28933685,102.8658477
1139,2,440,17.28933685,102.8658477
1140,2,441,17.29700551,102.860881
1141,2,442,17.30470453,102.8559597
1142,2,443,17.31237854,102.8510005
1143,2,444,17.3200192,102.8460275
1144,2,445,17.32763325,102.84104
1145,2,446,17.33523658,102.8359743
1146,2,447,17.34281204,102.8308702
1147,2,448,17.35026974,102.8256363
1148,2,449,17.35779182,102.8205057
1149,2,450,17.36536318,102.8154693
1150,2,450,17.36536318,102.8154693
1151,2,450,17.36536318,102.8154693
1152,2,224,15.4752728,102.5122154
1153,2,224,15.4752728,102.5122154
1154,2,224,15.4752728,102.5122154
1155,2,225,15.48297363,102.5170788
1156,2,225,15.48297363,102.5170788
1157,2,226,15.49066746,102.5219537
1158,2,226,15.49066746,102.5219537
1159,2,227,15.49836034,102.5268272
1160,2,227,15.49836034,102.5268272
1161,2,228,15.50605618,102.5316967
1162,2,228,15.50605618,102.5316967
1163,2,229,15.51375,102.5365751
1164,2,229,15.51375,102.5365751
1165,2,230,15.5215267,102.5413013
1166,2,230,15.5215267,102.5413013
1167,2,231,15.53028935,102.5437339
1168,2,231,15.53028935,102.5437339
1169,2,232,15.53913556,102.5458931
1170,2,232,15.53913556,102.5458931
1171,2,233,15.54799003,102.5480106
1172,2,233,15.54799003,102.5480106
1173,2,233,15.54799003,102.5480106
1174,2,233,15.54799003,102.5480106
1175,2,234,15.5568184,102.5502525
1176,2,234,15.5568184,102.5502525
1177,2,235,15.56566058,102.5524323
1178,2,235,15.56566058,102.5524323
1179,2,236,15.57451171,102.5545804
1180,2,236,15.57451171,102.5545804
1181,2,236,15.57451171,102.5545804
1182,2,237,15.58335978,102.5567277
1183,2,238,15.59220604,102.5588921
1184,2,239,15.60105756,102.5610227
1185,2,240,15.60991226,102.5631521
1186,2,240,15.60991226,102.5631521
1187,2,241,15.61876481,102.5652847
1188,2,242,15.62766274,102.5672271
1189,2,242,15.62766274,102.5672271
1190,2,243,15.63661991,102.5688848
1191,2,244,15.64557834,102.5705407
1192,2,245,15.65454072,102.5721677
1193,2,246,15.66349676,102.573829
1194,2,247,15.67245589,102.5754755
1195,2,248,15.68141652,102.577113
1196,2,249,15.69005166,102.579958
1197,2,250,15.69856777,102.5831925
1198,2,251,15.70709754,102.5863861
1199,2,175,15.10492304,102.2894043
1200,2,176,15.11158981,102.2955788
1201,2,177,15.11942506,102.3003665
1202,2,178,15.12725369,102.3051625
1203,2,179,15.13507198,102.3099741
1204,2,180,15.14145066,102.3163292
1205,2,181,15.1465079,102.3239778
1206,2,182,15.15465155,102.3281
1207,2,183,15.16307726,102.331747
1208,2,184,15.17154656,102.3352789
1209,2,185,15.1801901,102.3383753
1210,2,186,15.18755604,102.3435204
1211,2,187,15.19465498,102.3491406
1212,2,188,15.20297225,102.3530262
1213,2,189,15.21127385,102.3569427
1214,2,190,15.21958696,102.3608376
1215,2,191,15.22627509,102.3670062
1216,2,192,15.23224196,102.3739843
1217,2,193,15.23821046,102.3809618
1218,2,194,15.24419184,102.3879281
1219,2,195,15.24988069,102.395114
1220,2,196,15.25247527,102.4038913
1221,2,197,15.25474759,102.4127868
1222,2,198,15.2622003,102.4175706
1223,2,199,15.27125903,102.4184129
1224,2,199,15.27125903,102.4184129
1225,2,200,15.2804404,102.4183757
1226,2,201,15.28948003,102.4168272
1227,2,202,15.29808256,102.4184575
1228,2,203,15.30565824,102.4236456
1229,2,204,15.31321923,102.4288514
1230,2,205,15.32079828,102.4340342
1231,2,206,15.32910539,102.4379111
1232,2,207,15.33761119,102.4413682
1233,2,36,14.63466841,101.2090294
1234,2,37,14.63214984,101.2178793
1235,2,38,14.63077441,101.2268644
1236,2,39,14.63267066,101.2358707
1237,2,39,14.63267066,101.2358707
1238,2,40,14.63452205,101.2448883
1239,2,41,14.63640077,101.2538983
1240,2,42,14.63826857,101.2629139
1241,2,43,14.64015614,101.2719258
1242,2,44,14.64203032,101.2809414
1243,2,45,14.6438973,101.2899505
1244,2,46,14.64588524,101.2989392
1245,2,47,14.65115982,101.3064174
1246,2,48,14.65399083,101.3151331
1247,2,49,14.65629019,101.3240487
1248,2,50,14.65860314,101.332961
1249,2,51,14.65795819,101.3420253
1250,2,52,14.65377227,101.3499163
1251,2,53,14.65240159,101.3586633
1252,2,54,14.6556281,101.3671244
1253,2,55,14.65793175,101.3759103
1254,2,56,14.65920169,101.3850237
1255,2,56,14.65920169,101.3850237
1256,2,57,14.66070063,101.3941094
1257,2,58,14.66214148,101.4032052
1258,2,59,14.66358473,101.4123011
1259,2,60,14.66502461,101.4213869
1260,2,61,14.66646489,101.4304781
1261,2,62,14.66794481,101.4395682
1262,2,63,14.66940874,101.44866
1263,2,64,14.67453784,101.4560412
1264,2,64,14.67453784,101.4560412
1265,2,65,14.68147408,101.4621026
1266,2,66,14.68842202,101.4681513
1267,2,67,14.69537341,101.4741951
1268,2,68,14.70230338,101.4802593
1269,2,69,14.70925835,101.4862977
1270,2,70,14.71618171,101.4923706
1271,2,71,14.72310865,101.4984419
1272,2,72,14.7300539,101.5044911
1273,2,72,14.7300539,101.5044911
1274,2,27,14.63919046,101.1328617
1275,2,28,14.63830095,101.1419977
1276,2,29,14.63760142,101.1510811
1277,2,30,14.63857034,101.1599227
1278,2,31,14.6342057,101.1676323
1279,2,32,14.62826745,101.1741813
1280,2,33,14.6302121,101.1829913
1281,2,34,14.63447616,101.1911236
1282,2,35,14.63616458,101.2000429
1283,2,111,14.86966525,101.7797044
1284,2,112,14.86956162,101.7889644
1285,2,113,14.86942189,101.7982241
1286,2,114,14.86928427,101.8074843
1287,2,115,14.86913367,101.8167434
1288,2,116,14.86900554,101.8260023
1289,2,117,14.87133943,101.834883
1290,2,117,14.87133943,101.834883
1291,2,118,14.87496129,101.8434051
1292,2,119,14.87857969,101.85193
1293,2,119,14.87857969,101.85193
1294,2,120,14.88219314,101.8604537
1295,2,121,14.88582401,101.8689737
1296,2,122,14.88945813,101.8774916
1297,2,123,14.89306992,101.8860204
1298,2,124,14.89667125,101.8945529
1299,2,125,14.90028328,101.9030815
1300,2,126,14.9038856,101.9116139
1301,2,127,14.9074959,101.9201431
1302,2,127,14.9074959,101.9201431
1303,2,128,14.91108003,101.9286827
1304,2,129,14.91468843,101.9372126
1305,2,361,16.64796834,102.8001568
1306,2,362,16.65683161,102.7999252
1307,2,363,16.66500791,102.8032324
1308,2,364,16.6736707,102.8044626
1309,2,364,16.6736707,102.8044626
1310,2,364,16.6736707,102.8044626
1311,2,364,16.6736707,102.8044626
1312,2,365,16.68255696,102.8045602
1313,2,366,16.69144692,102.8047109
1314,2,367,16.70033633,102.8048506
1315,2,368,16.70920578,102.8053419
1316,2,369,16.71797086,102.8054445
1317,2,370,16.72620757,102.8021073
1318,2,371,16.73500817,102.8031676
1319,2,372,16.74380233,102.8044771
1320,2,373,16.75223194,102.806925
1321,2,373,16.75223194,102.806925
1322,2,374,16.75988693,102.8114511
1323,2,374,16.75988693,102.8114511
1324,2,375,16.76755502,102.8159443
1325,2,375,16.76755502,102.8159443
1326,2,376,16.77516233,102.820548
1327,2,376,16.77516233,102.820548
1328,2,377,16.78299704,102.8246603
1329,2,377,16.78299704,102.8246603
1330,2,378,16.79134759,102.8277174
1331,2,378,16.79134759,102.8277174
1332,2,379,16.79968953,102.8307957
1333,2,379,16.79968953,102.8307957
1334,2,380,16.80804269,102.8338402
1335,2,380,16.80804269,102.8338402
1336,2,381,16.81636884,102.8369651
1337,2,381,16.81636884,102.8369651
1338,2,381,16.81636884,102.8369651
1339,2,381,16.81636884,102.8369651
1340,2,381,16.81636884,102.8369651
1341,2,382,16.82467986,102.8401289
1342,2,382,16.82467986,102.8401289
1343,2,383,16.83254969,102.8441391
1344,2,383,16.83254969,102.8441391
1345,2,384,16.83980218,102.8492846
1346,2,384,16.83980218,102.8492846
1347,2,384,16.83980218,102.8492846
1348,2,385,16.84709664,102.85437
1349,2,386,16.85433655,102.8595245
1350,2,387,16.8615903,102.8646634
1351,2,388,16.8688132,102.8698425
1352,2,388,16.8688132,102.8698425
1353,2,389,16.87608198,102.8749533
1354,2,389,16.87608198,102.8749533
1355,2,389,16.87608198,102.8749533
1356,2,390,16.88340942,102.8799796
1357,2,391,16.89137297,102.8773427
1358,2,392,16.89863629,102.872211
1359,2,393,16.90676956,102.8710365
1360,2,394,16.9150148,102.8743651
1361,2,395,16.92325286,102.8777064
1362,2,396,16.93150159,102.8810305
1363,2,397,16.93974442,102.8843579
1364,2,398,16.94798808,102.8876914
1365,2,101,14.85991612,101.6879568
1366,2,101,14.85991612,101.6879568
1367,2,102,14.86214743,101.6969839
1368,2,103,14.86436839,101.706018
1369,2,104,14.86661122,101.7150472
1370,2,105,14.86887277,101.7240643
1371,2,106,14.87031126,101.7332102
1372,2,106,14.87031126,101.7332102
1373,2,107,14.87016923,101.7425135
1374,2,107,14.87016923,101.7425135
1375,2,108,14.87005401,101.7518196
1376,2,109,14.86992266,101.7611244
1377,2,109,14.86992266,101.7611244
1378,2,110,14.86981651,101.7704297
1379,2,110,14.86981651,101.7704297
1380,2,399,16.95632189,102.8910075
1381,2,400,16.96511529,102.8925723
1382,2,401,16.97417023,102.8926896
1383,2,402,16.98322349,102.8928653
1384,2,403,16.99227632,102.8930647
1385,2,404,17.00132431,102.8933284
1386,2,405,17.00956384,102.8970543
1387,2,406,17.01773911,102.9009527
1388,2,407,17.02586449,102.9049545
1389,2,408,17.03397763,102.9089761
1390,2,409,17.0421226,102.9129288
1391,2,410,17.05026,102.916902
1392,2,411,17.05841279,102.9208178
1393,2,412,17.06654963,102.9247803
1394,2,413,17.07468714,102.9287464
1395,2,414,17.08283991,102.9326792
1396,2,415,17.09091342,102.9367662
1397,2,416,17.09855407,102.9415792
1398,2,417,17.10753187,102.9415681
1399,2,418,17.11654566,102.9421724
1400,2,419,17.12538375,102.9441301
1401,2,0,14.52004717,100.9145971
1402,2,0,14.52004717,100.9145971
1403,2,1,14.52063904,100.9239941
1404,2,2,14.52376332,100.9324778
1405,2,3,14.5302215,100.939307
1406,2,3,14.5302215,100.939307
1407,2,4,14.5352862,100.9472514
1408,2,5,14.54147187,100.9543606
1409,2,5,14.54147187,100.9543606
1410,2,5,14.54147187,100.9543606
1411,2,5,14.54147187,100.9543606
1412,2,130,14.91828098,101.9457442
1413,2,130,14.91828098,101.9457442
1414,2,131,14.92181201,101.9541699
1415,2,132,14.9253841,101.9625784
1416,2,133,14.92894622,101.970988
1417,2,133,14.92894622,101.970988
1418,2,134,14.93251242,101.9793985
1419,2,135,14.93606762,101.987802
1420,2,136,14.93964772,101.9962059
1421,2,137,14.9432104,102.0046186
1422,2,138,14.94678761,102.0130252
1423,2,139,14.95036936,102.0214301
1424,2,139,14.95036936,102.0214301
1425,2,140,14.95401963,102.0298001
1426,2,141,14.95726205,102.0383115
1427,2,142,14.95861519,102.0473341
1428,2,142,14.95861519,102.0473341
1429,2,143,14.95998104,102.0563673
1430,2,143,14.95998104,102.0563673
1431,2,144,14.96384003,102.0640578
1432,2,144,14.96384003,102.0640578
1433,2,145,14.97290324,102.0643219
1434,2,146,14.97910904,102.0697506
1435,2,147,14.9793673,102.0788723
1436,2,148,14.97969219,102.0879996
1437,2,296,16.08165733,102.7255958
1438,2,297,16.09003564,102.7289139
1439,2,298,16.09840426,102.7322539
1440,2,299,16.10676675,102.7356093
1441,2,300,16.11513789,102.7389445
1442,2,301,16.12350586,102.7422863
1443,2,302,16.13187214,102.7456299
1444,2,303,16.14035289,102.7486499
1445,2,304,16.14898897,102.7512058
1446,2,305,16.15776139,102.7531981
1447,2,306,16.16667494,102.7545238
1448,2,307,16.17558667,102.7558577
1449,2,308,16.18449624,102.7572101
1450,2,309,16.19340815,102.7585483
1451,2,310,16.20231521,102.75991
1452,2,311,16.21121849,102.7613017
1453,2,312,16.22009713,102.7628075
1454,2,313,16.22858433,102.7658347
1455,2,314,16.23706056,102.7688939
1456,2,315,16.24553464,102.7719594
1457,2,316,16.25400463,102.7750327
1458,2,317,16.26247751,102.778097
1459,2,318,16.27092078,102.781247
1460,2,319,16.27937351,102.7843613
1461,2,320,16.28819968,102.786074
1462,2,321,16.29709626,102.7875093
1463,2,322,16.30579841,102.7897325
1464,2,323,16.31429121,102.7927352
1465,2,324,16.32277358,102.7957694
1466,2,325,16.33132168,102.7985927
1467,2,326,16.33972057,102.8015614
1468,2,327,16.34852307,102.8033838
1469,2,73,14.73696922,101.5105499
1470,2,74,14.74554982,101.5136694
1471,2,75,14.75432961,101.5162035
1472,2,76,14.76322424,101.5185237
1473,2,77,14.77205571,101.5210696
1474,2,78,14.78092839,101.5234802
1475,2,79,14.78980593,101.5258757
1476,2,80,14.79742359,101.5304967
1477,2,81,14.80213905,101.5383461
1478,2,82,14.81093693,101.5406213
1479,2,82,14.81093693,101.5406213
1480,2,83,14.81971333,101.5425409
1481,2,84,14.82782034,101.5467535
1482,2,85,14.83568616,101.5515177
1483,2,86,14.84301412,101.5569856
1484,2,87,14.84752401,101.5649348
1485,2,88,14.85079464,101.5735116
1486,2,89,14.84828954,101.5821804
1487,2,90,14.84423858,101.5904314
1488,2,91,14.84019934,101.5986786
1489,2,92,14.8400621,101.6076211
1490,2,93,14.84229321,101.6165394
1491,2,94,14.8444818,101.6254713
1492,2,95,14.84675479,101.634377
1493,2,96,14.84896624,101.6433039
1494,2,97,14.85117693,101.6522262
1495,2,98,14.85336274,101.6611599
1496,2,99,14.85551645,101.6700987
1497,2,100,14.85770587,101.6790294
1498,2,149,14.98587375,102.0941466
1499,2,150,14.99333794,102.099623
1500,2,151,14.99644904,102.1082015
1501,2,152,14.99932492,102.1169438
1502,2,153,15.00645953,102.1227751
1503,2,154,15.01388026,102.1283214
1504,2,155,15.02129224,102.1338786
1505,2,156,15.02884123,102.1392426
1506,2,157,15.03614113,102.1449451
1507,2,158,15.04353924,102.1505219
1508,2,159,15.05096084,102.156068
1509,2,160,15.05715899,102.1622799
1510,2,160,15.05715899,102.1622799
1511,2,161,15.05974337,102.1711755
1512,2,162,15.06232986,102.1800721
1513,2,163,15.06495725,102.1889564
1514,2,164,15.06755532,102.1978491
1515,2,165,15.0701538,102.2067427
1516,2,166,15.07365433,102.2152637
1517,2,167,15.07830248,102.2232782
1518,2,168,15.0829606,102.2312861
1519,2,169,15.08761403,102.2392965
1520,2,170,15.09228122,102.2472971
1521,2,171,15.09695619,102.2552957
1522,2,172,15.0978913,102.2643145
1523,2,173,15.0974023,102.2735666
1524,2,174,15.09902587,102.2823219
1525,2,328,16.35759294,102.8043794
1526,2,329,16.36674769,102.8069595
1527,2,330,16.375809,102.8101964
1528,2,330,16.375809,102.8101964
1529,2,330,16.375809,102.8101964
1530,2,331,16.38543422,102.8105237
1531,2,332,16.39473955,102.8130207
1532,2,332,16.39473955,102.8130207
1533,2,333,16.40400015,102.8157062
1534,2,333,16.40400015,102.8157062
1535,2,334,16.4132965,102.8182683
1536,2,252,15.71560686,102.5897092
1537,2,253,15.72416561,102.5929353
1538,2,254,15.73272101,102.5961632
1539,2,255,15.74127635,102.5993895
1540,2,256,15.74983554,102.6026134
1541,2,257,15.75841105,102.6057868
1542,2,258,15.76749481,102.6065376
1543,2,259,15.77663904,102.6067313
1544,2,260,15.78578086,102.6069584
1545,2,261,15.79492459,102.6071391
1546,2,262,15.80406666,102.6073469
1547,2,263,15.81321012,102.6075382
1548,2,264,15.82235355,102.6077479
1549,2,265,15.83149773,102.6079001
1550,2,266,15.83962075,102.6116799
1551,2,267,15.84724614,102.6167303
1552,2,487,17.68876199,102.7832942
1553,2,488,17.69767539,102.7816193
1554,2,489,17.70659988,102.7800187
1555,2,490,17.71554486,102.7785251
1556,2,491,17.72446283,102.7769131
1557,2,492,17.73336977,102.7752375
1558,2,493,17.74227218,102.7735494
1559,2,494,17.75118265,102.7718563
1560,2,495,17.76007853,102.7701123
1561,2,496,17.76894631,102.7682164
1562,2,497,17.77781509,102.7663419
1563,2,498,17.78668746,102.7644601
1564,2,499,17.7955747,102.762649
1565,2,500,17.80446401,102.7608618
1566,2,501,17.81284537,102.7585022
1567,2,501,17.81284537,102.7585022
1568,2,501,17.81284537,102.7585022
1569,2,501,17.81284537,102.7585022
1570,2,501,17.81284537,102.7585022
1571,2,502,17.81446334,102.7498005
1572,2,503,17.82083774,102.743949
1573,2,504,17.82939762,102.7409506
1574,2,505,17.83795683,102.7379502
1575,2,506,17.84631577,102.7344493
1576,2,507,17.85455888,102.730666
1577,2,508,17.86240802,102.7261834
1578,2,509,17.86816411,102.7192344
1579,2,5,14.54147187,100.9543606
1580,2,5,14.54147187,100.9543606
1581,2,5,14.54147187,100.9543606
1582,2,5,14.54147187,100.9543606
1583,2,6,14.5477829,100.9614146
1584,2,6,14.5477829,100.9614146
1585,2,7,14.55481495,100.9677572
1586,2,7,14.55481495,100.9677572
1587,2,7,14.55481495,100.9677572
1588,2,7,14.55481495,100.9677572
1589,2,8,14.56181995,100.9741301
1590,2,8,14.56181995,100.9741301
1591,2,9,14.56884557,100.98048
1592,2,10,14.57369786,100.9884593
1593,2,10,14.57369786,100.9884593
1594,2,10,14.57369786,100.9884593
1595,2,11,14.57747269,100.9971443
1596,2,11,14.57747269,100.9971443
1597,2,12,14.58124685,101.0058291
1598,2,12,14.58124685,101.0058291
1599,2,12,14.58124685,101.0058291
1600,2,12,14.58124685,101.0058291
1601,2,13,14.58502249,101.0145141
1602,2,13,14.58502249,101.0145141
1603,2,14,14.58879811,101.0231988
1604,2,14,14.58879811,101.0231988
1605,2,14,14.58879811,101.0231988
1606,2,14,14.58879811,101.0231988
1607,2,15,14.5925697,101.0318855
1608,2,15,14.5925697,101.0318855
1609,2,15,14.5925697,101.0318855
1610,2,16,14.5964153,101.0405388
1611,2,16,14.5964153,101.0405388
1612,2,17,14.60012189,101.0492528
1613,2,18,14.60389779,101.0579372
1614,2,19,14.60767463,101.0666216
1615,2,19,14.60767463,101.0666216
1616,2,19,14.60767463,101.0666216
1617,2,19,14.60767463,101.0666216
1618,2,20,14.61146849,101.0752956
1619,2,21,14.61613772,101.0834659
1620,2,21,14.61613772,101.0834659
1621,2,21,14.61613772,101.0834659
1622,2,22,14.62175726,101.0910411
1623,2,23,14.6253785,101.0997321
1624,2,24,14.63280858,101.1055655
1625,2,25,14.63627097,101.1143426
1626,2,26,14.63810456,101.1236031
1627,2,268,15.85477841,102.621716
1628,2,269,15.86229591,102.6266928
1629,2,270,15.86981022,102.6316715
1630,2,271,15.87733414,102.6366381
1631,2,272,15.88485463,102.6416101
1632,2,273,15.89244882,102.6464681
1633,2,274,15.90008643,102.6512529
1634,2,275,15.90771322,102.6560575
1635,2,276,15.91532822,102.6608777
1636,2,277,15.92295658,102.6656823
1637,2,278,15.93058159,102.6704864
1638,2,279,15.93821666,102.6752649
1639,2,280,15.94582964,102.6800786
1640,2,281,15.95343942,102.6849062
1641,2,282,15.96109558,102.6896627
1642,2,283,15.96966739,102.6924248
1643,2,284,15.97828563,102.6950708
1644,2,285,15.98690952,102.6976976
1645,2,286,15.99553638,102.7003136
1646,2,287,16.00415913,102.7029444
1647,2,288,16.01278217,102.7055768
1648,2,289,16.02140387,102.7082093
1649,2,290,16.0300276,102.7108312
1650,2,291,16.03864711,102.7134671
1651,2,292,16.0474942,102.7149683
1652,2,293,16.05645828,102.7158886
1653,2,293,16.05645828,102.7158886
1654,2,294,16.0649063,102.7189338
1655,2,295,16.07328668,102.7222551
1656,2,208,15.34609733,102.4447572
1657,2,209,15.35428777,102.4487313
1658,2,210,15.36237397,102.4529292
1659,2,211,15.37046083,102.4571235
1660,2,212,15.37855161,102.4613143
1661,2,213,15.38663993,102.4655107
1662,2,214,15.39473209,102.4697003
1663,2,215,15.40281965,102.4738954
1664,2,216,15.41089655,102.4781117
1665,2,217,15.41898672,102.4823002
1666,2,217,15.41898672,102.4823002
1667,2,218,15.42706329,102.4865122
1668,2,219,15.43515439,102.4906981
1669,2,220,15.44323681,102.4948993
1670,2,221,15.45131967,102.4990998
1671,2,222,15.45941529,102.5032753
1672,2,223,15.46750404,102.507463
1673,2,458,17.43218698,102.7914981
1674,2,459,17.44117045,102.7924858
1675,2,460,17.45016711,102.7934
1676,2,461,17.4591705,102.7942182
1677,2,462,17.46816299,102.7951553
1678,2,463,17.4771427,102.7962422
1679,2,464,17.48613713,102.7971187
1680,2,465,17.49516711,102.7975927
1681,2,466,17.50419715,102.7981023
1682,2,467,17.51322134,102.798702
1683,2,468,17.52224829,102.7992647
1684,2,468,17.52224829,102.7992647
1685,2,469,17.53127691,102.7997755
1686,2,470,17.54030674,102.8002805
1687,2,471,17.54933816,102.8007622
1688,2,472,17.55837296,102.8011861
1689,2,473,17.56740432,102.8016848
1690,2,474,17.57638248,102.8027719
1691,2,475,17.58512752,102.8007978
1692,2,476,17.59371791,102.797967
1693,2,477,17.60219658,102.7948183
1694,2,478,17.6104888,102.7912138
1695,2,479,17.61925889,102.7892722
1696,2,480,17.62822564,102.7880867
1697,2,481,17.63719671,102.7869337
1698,2,482,17.64622415,102.7865062
1699,2,483,17.65471658,102.7892296
1700,2,484,17.66348631,102.7907785
1701,2,485,17.67249976,102.7901261
1702,2,485,17.67249976,102.7901261
1703,2,486,17.68000647,102.7853709
1704,2,337,16.43363288,102.8241151
1705,2,338,16.44496188,102.8301974
3567,7,73,13.34132642,101.0257258
3568,7,73,13.34132642,101.0257258
3569,7,74,13.33364403,101.0208888
3570,7,74,13.33364403,101.0208888
3571,7,74,13.33364403,101.0208888
3572,7,75,13.32604456,101.0159211
3573,7,75,13.32604456,101.0159211
3574,7,76,13.31874749,101.0105286
3575,7,76,13.31874749,101.0105286
3576,7,76,13.31874749,101.0105286
3577,7,77,13.31156474,101.0049754
3578,7,77,13.31156474,101.0049754
3579,7,78,13.30440863,100.9993882
3580,7,79,13.29708358,100.9941037
3581,7,79,13.29708358,100.9941037
3582,7,80,13.28844607,100.9913976
3583,7,80,13.28844607,100.9913976
3584,7,80,13.28844607,100.9913976
3585,7,81,13.27939196,100.9907554
3586,7,81,13.27939196,100.9907554
3587,7,81,13.27939196,100.9907554
3588,7,82,13.27033414,100.9901567
3589,7,83,13.26127621,100.9897427
3590,7,84,13.25261569,100.9923096
3591,7,84,13.25261569,100.9923096
3592,7,84,13.25261569,100.9923096
3593,7,85,13.2441409,100.995557
3594,7,86,13.23566548,100.9988099
3595,7,86,13.23566548,100.9988099
3596,7,86,13.23566548,100.9988099
3597,7,87,13.22719676,101.0020603
3598,7,87,13.22719676,101.0020603
3599,7,87,13.22719676,101.0020603
3600,7,88,13.21867036,101.0051628
3601,7,88,13.21867036,101.0051628
3602,7,89,13.20970717,101.0048093
3603,7,90,13.20107618,101.0019951
3604,7,91,13.19244374,100.9991825
3605,7,92,13.183812,100.9963677
3606,7,92,13.183812,100.9963677
3607,7,92,13.183812,100.9963677
3608,7,93,13.17517905,100.9935573
3609,7,93,13.17517905,100.9935573
3610,7,93,13.17517905,100.9935573
3611,7,94,13.16654931,100.9907409
3612,7,94,13.16654931,100.9907409
3613,7,94,13.16654931,100.9907409
3614,7,95,13.15791845,100.9879308
3615,7,95,13.15791845,100.9879308
3616,7,95,13.15791845,100.9879308
3617,7,96,13.14911085,100.9859464
3618,7,96,13.14911085,100.9859464
3619,7,96,13.14911085,100.9859464
3620,7,97,13.14004175,100.9856106
3621,7,97,13.14004175,100.9856106
3622,7,97,13.14004175,100.9856106
3623,7,98,13.13097036,100.9852802
3624,7,98,13.13097036,100.9852802
3625,7,98,13.13097036,100.9852802
3626,7,99,13.12190002,100.984948
3627,7,100,13.11294232,100.9861312
3628,7,101,13.10405556,100.9879416
3629,7,101,13.10405556,100.9879416
3630,7,101,13.10405556,100.9879416
3631,7,101,13.10405556,100.9879416
3632,7,102,13.09518259,100.9897623
3633,7,102,13.09518259,100.9897623
3634,7,102,13.09518259,100.9897623
3635,7,103,13.08630931,100.9915802
3636,7,103,13.08630931,100.9915802
3637,7,103,13.08630931,100.9915802
3638,7,104,13.07745711,100.9934739
3639,7,104,13.07745711,100.9934739
3640,7,104,13.07745711,100.9934739
3641,7,105,13.06857425,100.9952147
3642,7,106,13.05958857,100.9961102
3643,7,107,13.05052278,100.9961757
3644,7,107,13.05052278,100.9961757
3645,7,107,13.05052278,100.9961757
3646,7,108,13.04146003,100.9961892
3647,7,108,13.04146003,100.9961892
3648,7,108,13.04146003,100.9961892
3649,7,109,13.03239691,100.9963242
3650,7,109,13.03239691,100.9963242
3651,7,110,13.02332949,100.9963944
3652,7,110,13.02332949,100.9963944
3653,7,111,13.01426266,100.9964592
3654,7,111,13.01426266,100.9964592
3655,7,112,13.00551794,100.9943519
3656,7,112,13.00551794,100.9943519
3657,7,112,13.00551794,100.9943519
3658,7,113,12.99697402,100.9913546
3659,7,113,12.99697402,100.9913546
3660,7,113,12.99697402,100.9913546
3661,7,114,12.98842996,100.9883483
3662,7,114,12.98842996,100.9883483
3663,7,114,12.98842996,100.9883483
3664,7,115,12.97988373,100.9853375
3665,7,115,12.97988373,100.9853375
3666,7,116,12.97134853,100.9823065
3667,7,116,12.97134853,100.9823065
3668,7,117,12.96305444,100.9787453
3669,7,117,12.96305444,100.9787453
3670,7,118,12.95566248,100.9734966
3671,7,119,12.95201046,100.9656197
3672,7,119,12.95201046,100.9656197
3673,7,119,12.95201046,100.9656197
3674,7,120,12.9510873,100.9566036
3675,7,120,12.9510873,100.9566036
3676,7,120,12.9510873,100.9566036
3677,7,121,12.9513114,100.9475361
3678,7,121,12.9513114,100.9475361
3679,7,121,12.9513114,100.9475361
3680,7,122,12.95034215,100.9385414
3681,7,122,12.95034215,100.9385414
3682,7,122,12.95034215,100.9385414
3683,7,123,12.94760749,100.9299076
3684,7,123,12.94760749,100.9299076
3685,7,123,12.94760749,100.9299076
3686,7,124,12.94411731,100.9215819
3687,7,124,12.94411731,100.9215819
3688,7,125,12.94384923,100.912646
3689,7,125,12.94384923,100.912646
3690,7,125,12.94384923,100.912646
3691,7,35,13.62544975,100.9131972
3692,7,35,13.62544975,100.9131972
3693,7,35,13.62544975,100.9131972
3694,7,36,13.62052112,100.9208712
3695,7,36,13.62052112,100.9208712
3696,7,36,13.62052112,100.9208712
3697,7,36,13.62052112,100.9208712
3698,7,37,13.61559473,100.9285467
3699,7,37,13.61559473,100.9285467
3700,7,37,13.61559473,100.9285467
3701,7,38,13.61069678,100.9362403
3702,7,38,13.61069678,100.9362403
3703,7,38,13.61069678,100.9362403
3704,7,38,13.61069678,100.9362403
3705,7,39,13.60575644,100.9439067
3706,7,39,13.60575644,100.9439067
3707,7,39,13.60575644,100.9439067
3708,7,40,13.60081476,100.9515724
3709,7,40,13.60081476,100.9515724
3710,7,40,13.60081476,100.9515724
3711,7,41,13.59587327,100.9592381
3712,7,41,13.59587327,100.9592381
3713,7,41,13.59587327,100.9592381
3714,7,42,13.59008003,100.9662048
3715,7,42,13.59008003,100.9662048
3716,7,42,13.59008003,100.9662048
3717,7,43,13.58309933,100.9720743
3718,7,43,13.58309933,100.9720743
3719,7,43,13.58309933,100.9720743
3720,7,44,13.57611811,100.9779432
3721,7,44,13.57611811,100.9779432
3722,7,44,13.57611811,100.9779432
3723,7,44,13.57611811,100.9779432
3724,7,45,13.5691369,100.9838122
3725,7,45,13.5691369,100.9838122
3726,7,45,13.5691369,100.9838122
3727,7,45,13.5691369,100.9838122
3728,7,46,13.5621535,100.9896785
3729,7,46,13.5621535,100.9896785
3730,7,46,13.5621535,100.9896785
3731,7,47,13.5551528,100.9955242
3732,7,47,13.5551528,100.9955242
3733,7,47,13.5551528,100.9955242
3734,7,48,13.54816453,101.0013847
3735,7,48,13.54816453,101.0013847
3736,7,49,13.5411912,101.007263
3737,7,49,13.5411912,101.007263
3738,7,49,13.5411912,101.007263
3739,7,50,13.53421849,101.013142
3740,7,50,13.53421849,101.013142
3741,7,50,13.53421849,101.013142
3742,7,50,13.53421849,101.013142
3743,7,51,13.52724675,101.0190222
3744,7,51,13.52724675,101.0190222
3745,7,51,13.52724675,101.0190222
3746,7,52,13.52027502,101.0249024
3747,7,52,13.52027502,101.0249024
3748,7,53,13.51329307,101.0307704
3749,7,53,13.51329307,101.0307704
3750,7,53,13.51329307,101.0307704
3751,7,53,13.51329307,101.0307704
3752,7,54,13.50630483,101.036631
3753,7,54,13.50630483,101.036631
3754,7,54,13.50630483,101.036631
3755,7,55,13.49931659,101.0424916
3756,7,55,13.49931659,101.0424916
3757,7,55,13.49931659,101.0424916
3758,7,55,13.49931659,101.0424916
3759,7,56,13.49152814,101.0468006
3760,7,56,13.49152814,101.0468006
3761,7,56,13.49152814,101.0468006
3762,7,57,13.48241871,101.0464038
3763,7,57,13.48241871,101.0464038
3764,7,57,13.48241871,101.0464038
3765,7,58,13.47330798,101.0459838
3766,7,58,13.47330798,101.0459838
3767,7,58,13.47330798,101.0459838
3768,7,59,13.46418798,101.0459897
3769,7,59,13.46418798,101.0459897
3770,7,59,13.46418798,101.0459897
3771,7,60,13.45506781,101.046006
3772,7,60,13.45506781,101.046006
3773,7,60,13.45506781,101.046006
3774,7,61,13.44594792,101.046103
3775,7,61,13.44594792,101.046103
3776,7,61,13.44594792,101.046103
3777,7,62,13.43683007,101.0463053
3778,7,62,13.43683007,101.0463053
3779,7,62,13.43683007,101.0463053
3780,7,63,13.42771324,101.0465605
3781,7,63,13.42771324,101.0465605
3782,7,63,13.42771324,101.0465605
3783,7,64,13.41859767,101.0468556
3784,7,64,13.41859767,101.0468556
3785,7,64,13.41859767,101.0468556
3786,7,65,13.40948232,101.0471576
3787,7,66,13.4003659,101.0474099
3788,7,66,13.4003659,101.0474099
3789,7,66,13.4003659,101.0474099
3790,7,67,13.39128992,101.0467656
3791,7,67,13.39128992,101.0467656
3792,7,68,13.38241906,101.0447033
3793,7,68,13.38241906,101.0447033
3794,7,68,13.38241906,101.0447033
3795,7,69,13.37370242,101.0420201
3796,7,69,13.37370242,101.0420201
3797,7,69,13.37370242,101.0420201
3798,7,70,13.36499876,101.0392952
3799,7,70,13.36499876,101.0392952
3800,7,70,13.36499876,101.0392952
3801,7,71,13.35680218,101.0353796
3802,7,71,13.35680218,101.0353796
3803,7,71,13.35680218,101.0353796
3804,7,72,13.34909076,101.0305109
3805,7,72,13.34909076,101.0305109
3806,7,73,13.34132642,101.0257258
3807,7,73,13.34132642,101.0257258
3808,7,0,13.11800927,100.9851104
3809,7,0,13.11800927,100.9851104
3810,7,1,13.1161688,100.9759734
3811,7,2,13.11441007,100.9668356
3812,7,2,13.11441007,100.9668356
3813,7,3,13.11265165,100.9576837
3814,7,4,13.11089643,100.9485451
3815,7,4,13.11089643,100.9485451
3816,7,5,13.11049796,100.939314
3817,7,5,13.11049796,100.939314
3818,7,6,13.10990311,100.9300872
3819,7,7,13.10610303,100.9216084
3820,7,8,13.10342815,100.9127563
3821,7,0,13.59928573,100.9539448
3822,7,0,13.59928573,100.9539448
3823,7,0,13.59928573,100.9539448
3824,7,0,13.59928573,100.9539448
3825,7,0,13.59928573,100.9539448
3826,7,0,13.59928573,100.9539448
3827,7,0,13.59928573,100.9539448
3828,7,1,13.59052343,100.9526064
3829,7,1,13.59052343,100.9526064
3830,7,1,13.59052343,100.9526064
3831,7,2,13.58175437,100.9513126
3832,7,2,13.58175437,100.9513126
3833,7,2,13.58175437,100.9513126
3834,7,3,13.57299603,100.9499501
3835,7,3,13.57299603,100.9499501
3836,7,3,13.57299603,100.9499501
3837,7,4,13.5642499,100.9485094
3838,7,4,13.5642499,100.9485094
3839,7,4,13.5642499,100.9485094
3840,7,4,13.5642499,100.9485094
3841,7,0,13.29818162,100.9946202
3842,7,0,13.29818162,100.9946202
3843,7,0,13.29818162,100.9946202
3844,7,0,13.29818162,100.9946202
3845,7,1,13.30782822,100.9932028
3846,7,2,13.31747726,100.9918023
3847,7,3,13.32708431,100.9902155
3848,7,3,13.32708431,100.9902155
3849,7,0,13.73059447,100.7605813
3850,7,0,13.73059447,100.7605813
3851,7,0,13.74145741,100.641698
3852,7,1,13.73962808,100.6507511
3853,7,1,13.73962808,100.6507511
3854,7,1,13.73962808,100.6507511
3855,7,2,13.73752563,100.6597302
3856,7,2,13.73752563,100.6597302
3857,7,2,13.73752563,100.6597302
3858,7,3,13.73665726,100.6689219
3859,7,3,13.73665726,100.6689219
3860,7,3,13.73665726,100.6689219
3861,7,4,13.73536883,100.6780668
3862,7,4,13.73536883,100.6780668
3863,7,4,13.73536883,100.6780668
3864,7,5,13.73431773,100.6872432
3865,7,5,13.73431773,100.6872432
3866,7,5,13.73431773,100.6872432
3867,7,6,13.73333691,100.6964269
3868,7,7,13.73230131,100.7056049
3869,7,8,13.73129204,100.7147859
3870,7,8,13.73129204,100.7147859
3871,7,8,13.73129204,100.7147859
3872,7,9,13.73029439,100.7239682
3873,7,9,13.73029439,100.7239682
3874,7,9,13.73029439,100.7239682
3875,7,10,13.7292681,100.7331469
3876,7,10,13.7292681,100.7331469
3877,7,10,13.7292681,100.7331469
3878,7,11,13.72948733,100.7423789
3879,7,12,13.72967333,100.7516133
3880,7,13,13.73063784,100.7607559
3881,7,13,13.73063784,100.7607559
3882,7,14,13.73194187,100.7698518
3883,7,14,13.73194187,100.7698518
3884,7,14,13.73194187,100.7698518
3885,7,15,13.7321467,100.7790845
3886,7,15,13.7321467,100.7790845
3887,7,15,13.7321467,100.7790845
3888,7,16,13.73266961,100.7882986
3889,7,16,13.73266961,100.7882986
3890,7,16,13.73266961,100.7882986
3891,7,17,13.73367394,100.7974799
3892,7,17,13.73367394,100.7974799
3893,7,17,13.73367394,100.7974799
3894,7,18,13.73334253,100.8065502
3895,7,18,13.73334253,100.8065502
3896,7,18,13.73334253,100.8065502
3897,7,19,13.72628847,100.8121222
3898,7,19,13.72628847,100.8121222
3899,7,19,13.72628847,100.8121222
3900,7,20,13.71800507,100.8162083
3901,7,20,13.71800507,100.8162083
3902,7,20,13.71800507,100.8162083
3903,7,21,13.70972167,100.8202943
3904,7,21,13.70972167,100.8202943
3905,7,21,13.70972167,100.8202943
3906,7,22,13.70143827,100.8243804
3907,7,22,13.70143827,100.8243804
3908,7,22,13.70143827,100.8243804
3909,7,22,13.70143827,100.8243804
3910,7,23,13.69315087,100.8284583
3911,7,23,13.69315087,100.8284583
3912,7,23,13.69315087,100.8284583
3913,7,23,13.69315087,100.8284583
3914,7,24,13.68485998,100.8325292
3915,7,24,13.68485998,100.8325292
3916,7,24,13.68485998,100.8325292
3917,7,24,13.68485998,100.8325292
3918,7,25,13.67660603,100.8366741
3919,7,25,13.67660603,100.8366741
3920,7,25,13.67660603,100.8366741
3921,7,26,13.67040362,100.8432737
3922,7,26,13.67040362,100.8432737
3923,7,26,13.67040362,100.8432737
3924,7,27,13.66540128,100.8510381
3925,7,27,13.66540128,100.8510381
3926,7,27,13.66540128,100.8510381
3927,7,28,13.66039895,100.8588026
3928,7,28,13.66039895,100.8588026
3929,7,28,13.66039895,100.8588026
3930,7,29,13.65539757,100.8665677
3931,7,29,13.65539757,100.8665677
3932,7,29,13.65539757,100.8665677
3933,7,30,13.65040627,100.8743393
3934,7,30,13.65040627,100.8743393
3935,7,30,13.65040627,100.8743393
3936,7,31,13.64541497,100.8821109
3937,7,31,13.64541497,100.8821109
3938,7,31,13.64541497,100.8821109
3939,7,32,13.64042366,100.8898825
3940,7,32,13.64042366,100.8898825
3941,7,32,13.64042366,100.8898825
3942,7,33,13.63543236,100.8976541
3943,7,33,13.63543236,100.8976541
3944,7,33,13.63543236,100.8976541
3945,7,34,13.63044105,100.9054256
3946,7,34,13.63044105,100.9054256
3947,7,34,13.63044105,100.9054256
3948,7,34,13.63044105,100.9054256
3949,7,35,13.62544975,100.9131972
3950,7,35,13.62544975,100.9131972
3951,7,35,13.62544975,100.9131972
3952,7,99991,13.74263,100.63446
3953,7,99992,13.7408,100.62545
3954,7,99993,13.74151,100.61618
3955,7,99994,13.74588,100.60828
3956,7,99995,13.74934,100.59987
3957,7,99996,13.75226,100.59103
3958,7,99997,13.7551,100.58232
3959,7,99998,13.75551,100.57305
3960,7,99999,13.7561,100.56382
3961,7,1000000,13.75972,100.55623
